CustomerId,FirstName,LastName,Region
1000,Obinna,Mbori,mombasa
1003,Frank,Nyakwea,kisumu
1004,Victor,Nyakwea,nairobi
1005,Brian,Mbori,kisumu
1006,Mercy,Muguku,kisumu
1007,Victor,Warimu,nairobi
1009,Titus,Chocho,mombasa
1011,Angela,Chocho,kisumu
1012,Dorcas,Kingori,nairobi
1015,Michael,Kingori,mombasa
1018,Mercy,Mbori,kisumu
1019,Victor,Kingori,mombasa
1020,Dorcas,Nyakwea,nairobi
1021,Mercy,Murungi,kisumu
1022,Brian,Kingori,mombasa
1023,Mercy,Miano,mombasa
1024,Dorcas,Chocho,kisumu
1028,Anthony,Lwoyelo,nairobi
1030,Obinna,Warimu,mombasa
1032,Mercy,Lwoyelo,nairobi
1036,Brian,Otieno,mombasa
1044,Dorcas,Murungi,kisumu
1045,Nancy,Lwoyelo,nairobi
1046,Brian,Warimu,nairobi
1047,Michael,Nyakwea,mombasa
1050,Frank,Lwoyelo,kisumu
1051,Frank,Chocho,mombasa
1057,Victor,Muguku,kisumu
1059,Dorcas,Kingori,mombasa
1060,Frank,Githui,kisumu
1061,Anthony,Githui,nairobi
1062,Anthony,Murungi,nairobi
1063,Dorcas,Muguku,mombasa
1064,Victor,Murungi,kisumu
1069,Titus,Murungi,mombasa
1071,Frank,Lwoyelo,nairobi
1072,Anthony,Githui,nairobi
1073,Anthony,Chocho,nairobi
1074,Dorcas,Otieno,kisumu
1076,Michael,Chocho,mombasa
1077,Dorcas,Muguku,nairobi
1079,Obinna,Lwoyelo,kisumu
1080,Dorcas,Chocho,kisumu
1083,Titus,Kingori,nairobi
1086,Angela,Chocho,mombasa
1088,Titus,Chocho,kisumu
1089,Angela,Muguku,nairobi
1091,Dorcas,Warimu,nairobi
1092,Anthony,Nyakwea,nairobi
1094,Dorcas,Murungi,mombasa
1096,Brian,Miano,kisumu
1097,Dorcas,Lwoyelo,kisumu
1099,Dorcas,Warimu,kisumu
1101,Nancy,Miano,mombasa
1103,Obinna,Murungi,kisumu
1104,Mercy,Mbori,nairobi
1107,Brian,Chocho,mombasa
1108,Anthony,Githui,nairobi
1112,Victor,Warimu,nairobi
1113,Titus,Warimu,mombasa
1120,Michael,Murungi,nairobi
1122,Victor,Chocho,mombasa
1123,Mercy,Warimu,kisumu
1127,Mercy,Murungi,kisumu
1132,Brian,Chocho,nairobi
1133,Angela,Warimu,nairobi
1135,Victor,Miano,nairobi
1136,Nancy,Lwoyelo,kisumu
1137,Dorcas,Kingori,nairobi
1138,Nancy,Githui,mombasa
1140,Frank,Miano,kisumu
1141,Michael,Chocho,nairobi
1142,Brian,Kingori,mombasa
1146,Victor,Mbori,mombasa
1155,Victor,Murungi,nairobi
1158,Michael,Miano,nairobi
1159,Michael,Nyakwea,mombasa
1160,Nancy,Mbori,mombasa
1164,Victor,Mbori,nairobi
1165,Mercy,Warimu,mombasa
1167,Anthony,Warimu,kisumu
1168,Dorcas,Githui,nairobi
1169,Mercy,Chocho,kisumu
1171,Frank,Chocho,nairobi
1173,Anthony,Warimu,mombasa
1174,Nancy,Mbori,mombasa
1175,Michael,Chocho,nairobi
1178,Anthony,Otieno,nairobi
1179,Brian,Miano,nairobi
1181,Nancy,Kingori,nairobi
1183,Nancy,Chocho,kisumu
1188,Titus,Mbori,kisumu
1191,Brian,Murungi,kisumu
1192,Anthony,Chocho,nairobi
1195,Michael,Muguku,kisumu
1198,Dorcas,Chocho,nairobi
1199,Anthony,Nyakwea,mombasa
1200,Angela,Muguku,nairobi
1202,Dorcas,Warimu,nairobi
1203,Nancy,Murungi,kisumu
1204,Anthony,Chocho,mombasa
1205,Brian,Miano,mombasa
1206,Titus,Lwoyelo,kisumu
1216,Michael,Chocho,kisumu
1217,Anthony,Muguku,kisumu
1218,Mercy,Chocho,kisumu
1219,Dorcas,Kingori,kisumu
1224,Michael,Warimu,kisumu
1225,Frank,Murungi,nairobi
1230,Mercy,Murungi,mombasa
1231,Mercy,Kingori,mombasa
1232,Michael,Githui,nairobi
1233,Dorcas,Lwoyelo,nairobi
1235,Michael,Nyakwea,mombasa
1239,Brian,Kingori,nairobi
1242,Titus,Otieno,nairobi
1243,Brian,Murungi,nairobi
1247,Dorcas,Otieno,mombasa
1251,Titus,Nyakwea,mombasa
1254,Dorcas,Mbori,nairobi
1255,Michael,Kingori,nairobi
1256,Brian,Nyakwea,kisumu
1257,Michael,Githui,mombasa
1260,Angela,Miano,kisumu
1261,Victor,Nyakwea,nairobi
1262,Brian,Githui,nairobi
1263,Nancy,Warimu,nairobi
1265,Nancy,Miano,nairobi
1266,Nancy,Nyakwea,kisumu
1268,Frank,Muguku,nairobi
1270,Nancy,Muguku,kisumu
1271,Dorcas,Chocho,mombasa
1276,Titus,Kingori,nairobi
1279,Victor,Otieno,mombasa
1280,Michael,Mbori,nairobi
1281,Obinna,Kingori,kisumu
1284,Obinna,Otieno,mombasa
1285,Obinna,Murungi,nairobi
1287,Victor,Githui,nairobi
1288,Mercy,Miano,nairobi
1292,Frank,Chocho,mombasa
1297,Anthony,Lwoyelo,nairobi
1299,Anthony,Chocho,nairobi
1300,Nancy,Mbori,nairobi
1302,Victor,Warimu,mombasa
1306,Dorcas,Nyakwea,mombasa
1307,Nancy,Murungi,mombasa
1309,Nancy,Otieno,mombasa
1310,Victor,Muguku,kisumu
1312,Nancy,Chocho,nairobi
1315,Anthony,Lwoyelo,kisumu
1316,Angela,Miano,nairobi
1318,Dorcas,Githui,kisumu
1319,Brian,Mbori,mombasa
1321,Brian,Githui,mombasa
1323,Obinna,Kingori,mombasa
1324,Obinna,Nyakwea,mombasa
1327,Michael,Mbori,mombasa
1329,Michael,Chocho,kisumu
1330,Mercy,Murungi,nairobi
1331,Dorcas,Miano,kisumu
1334,Anthony,Miano,nairobi
1336,Frank,Kingori,mombasa
1337,Mercy,Githui,nairobi
1338,Dorcas,Otieno,kisumu
1339,Michael,Nyakwea,kisumu
1340,Nancy,Murungi,kisumu
1341,Obinna,Murungi,nairobi
1342,Brian,Githui,kisumu
1343,Nancy,Murungi,kisumu
1345,Angela,Otieno,nairobi
1347,Anthony,Mbori,kisumu
1348,Mercy,Murungi,nairobi
1349,Dorcas,Murungi,mombasa
1350,Obinna,Chocho,mombasa
1351,Victor,Mbori,nairobi
1353,Victor,Kingori,kisumu
1354,Frank,Murungi,nairobi
1355,Titus,Muguku,mombasa
1356,Victor,Chocho,nairobi
1357,Michael,Nyakwea,mombasa
1358,Brian,Githui,kisumu
1359,Nancy,Miano,nairobi
1362,Dorcas,Nyakwea,nairobi
1364,Victor,Otieno,mombasa
1367,Angela,Lwoyelo,kisumu
1368,Titus,Nyakwea,nairobi
1369,Dorcas,Murungi,mombasa
1370,Anthony,Otieno,mombasa
1372,Angela,Nyakwea,kisumu
1373,Nancy,Lwoyelo,mombasa
1374,Victor,Lwoyelo,nairobi
1375,Obinna,Murungi,mombasa
1376,Michael,Otieno,nairobi
1378,Anthony,Mbori,mombasa
1381,Victor,Otieno,nairobi
1383,Michael,Lwoyelo,mombasa
1384,Frank,Muguku,nairobi
1385,Michael,Warimu,nairobi
1388,Obinna,Mbori,mombasa
1389,Victor,Kingori,mombasa
1391,Michael,Githui,mombasa
1392,Dorcas,Nyakwea,nairobi
1393,Anthony,Muguku,mombasa
1394,Brian,Otieno,mombasa
1397,Mercy,Otieno,nairobi
1398,Angela,Mbori,mombasa
1399,Dorcas,Warimu,mombasa
1400,Angela,Lwoyelo,nairobi
1403,Mercy,Kingori,mombasa
1404,Frank,Murungi,nairobi
1405,Victor,Miano,kisumu
1407,Mercy,Lwoyelo,kisumu
1408,Frank,Chocho,kisumu
1409,Frank,Mbori,mombasa
1411,Nancy,Nyakwea,nairobi
1412,Titus,Miano,nairobi
1414,Victor,Muguku,nairobi
1416,Michael,Chocho,mombasa
1417,Angela,Otieno,mombasa
1421,Anthony,Warimu,kisumu
1423,Obinna,Murungi,nairobi
1424,Michael,Miano,mombasa
1429,Angela,Miano,nairobi
1430,Nancy,Mbori,kisumu
1434,Titus,Miano,kisumu
1437,Angela,Muguku,kisumu
1439,Victor,Otieno,mombasa
1440,Mercy,Kingori,mombasa
1441,Victor,Murungi,mombasa
1442,Michael,Otieno,kisumu
1445,Mercy,Chocho,kisumu
1447,Angela,Otieno,mombasa
1448,Angela,Nyakwea,mombasa
1450,Victor,Warimu,kisumu
1451,Dorcas,Githui,nairobi
1452,Victor,Kingori,kisumu
1455,Dorcas,Githui,mombasa
1458,Nancy,Githui,kisumu
1459,Frank,Warimu,nairobi
1460,Frank,Nyakwea,mombasa
1462,Dorcas,Chocho,mombasa
1463,Mercy,Lwoyelo,kisumu
1464,Brian,Warimu,nairobi
1465,Titus,Nyakwea,nairobi
1467,Nancy,Murungi,nairobi
1470,Victor,Muguku,mombasa
1473,Mercy,Chocho,mombasa
1474,Anthony,Muguku,mombasa
1475,Dorcas,Warimu,kisumu
1476,Titus,Warimu,kisumu
1477,Frank,Warimu,mombasa
1478,Angela,Nyakwea,nairobi
1481,Nancy,Githui,kisumu
1482,Anthony,Githui,nairobi
1485,Victor,Warimu,kisumu
1486,Victor,Miano,mombasa
1487,Anthony,Kingori,mombasa
1488,Anthony,Githui,kisumu
1489,Brian,Miano,kisumu
1493,Dorcas,Otieno,kisumu
1495,Michael,Murungi,nairobi
1497,Dorcas,Chocho,nairobi
1498,Titus,Miano,mombasa
1499,Nancy,Warimu,nairobi
1501,Obinna,Nyakwea,mombasa
1503,Victor,Mbori,nairobi
1504,Brian,Chocho,kisumu
1507,Nancy,Nyakwea,kisumu
1508,Michael,Lwoyelo,kisumu
1510,Anthony,Kingori,mombasa
1511,Michael,Muguku,mombasa
1515,Frank,Nyakwea,nairobi
1516,Victor,Lwoyelo,nairobi
1517,Titus,Warimu,mombasa
1518,Mercy,Lwoyelo,nairobi
1519,Anthony,Miano,kisumu
1520,Anthony,Mbori,mombasa
1522,Obinna,Warimu,mombasa
1523,Frank,Warimu,kisumu
1524,Dorcas,Miano,kisumu
1526,Titus,Githui,mombasa
1532,Titus,Lwoyelo,mombasa
1536,Nancy,Mbori,nairobi
1538,Dorcas,Chocho,nairobi
1539,Frank,Mbori,nairobi
1540,Titus,Chocho,nairobi
1544,Titus,Chocho,nairobi
1545,Dorcas,Lwoyelo,kisumu
1547,Victor,Murungi,nairobi
1550,Angela,Otieno,nairobi
1551,Mercy,Kingori,nairobi
1552,Frank,Otieno,kisumu
1553,Dorcas,Warimu,mombasa
1556,Michael,Githui,nairobi
1558,Mercy,Githui,mombasa
1562,Angela,Githui,kisumu
1563,Angela,Murungi,nairobi
1564,Obinna,Warimu,kisumu
1571,Brian,Kingori,kisumu
1572,Obinna,Warimu,nairobi
1576,Michael,Nyakwea,kisumu
1577,Brian,Nyakwea,nairobi
1579,Dorcas,Mbori,nairobi
1580,Angela,Warimu,kisumu
1583,Victor,Muguku,mombasa
1584,Nancy,Otieno,kisumu
1585,Victor,Githui,kisumu
1586,Brian,Lwoyelo,kisumu
1587,Brian,Miano,nairobi
1588,Nancy,Murungi,nairobi
1590,Nancy,Otieno,mombasa
1591,Mercy,Otieno,kisumu
1593,Obinna,Muguku,kisumu
1594,Obinna,Kingori,nairobi
1597,Mercy,Miano,kisumu
1602,Nancy,Kingori,kisumu
1605,Frank,Githui,mombasa
1607,Obinna,Githui,kisumu
1610,Titus,Kingori,kisumu
1612,Frank,Kingori,kisumu
1616,Nancy,Githui,mombasa
1619,Dorcas,Chocho,kisumu
1620,Mercy,Githui,mombasa
1623,Angela,Murungi,kisumu
1624,Victor,Githui,kisumu
1627,Dorcas,Warimu,kisumu
1632,Michael,Lwoyelo,kisumu
1638,Michael,Githui,mombasa
1641,Obinna,Chocho,nairobi
1642,Dorcas,Miano,nairobi
1645,Victor,Chocho,mombasa
1647,Dorcas,Warimu,mombasa
1648,Michael,Murungi,kisumu
1649,Michael,Otieno,mombasa
1655,Victor,Githui,kisumu
1658,Titus,Githui,nairobi
1659,Nancy,Chocho,nairobi
1660,Brian,Miano,mombasa
1661,Michael,Kingori,nairobi
1663,Angela,Githui,kisumu
1665,Mercy,Muguku,mombasa
1666,Mercy,Kingori,nairobi
1667,Anthony,Nyakwea,mombasa
1669,Victor,Otieno,kisumu
1677,Michael,Mbori,nairobi
1679,Titus,Warimu,mombasa
1680,Angela,Nyakwea,kisumu
1684,Titus,Mbori,mombasa
1687,Frank,Mbori,nairobi
1688,Dorcas,Otieno,nairobi
1689,Dorcas,Githui,mombasa
1690,Obinna,Murungi,kisumu
1692,Mercy,Mbori,mombasa
1693,Michael,Lwoyelo,mombasa
1695,Obinna,Nyakwea,kisumu
1702,Angela,Chocho,nairobi
1703,Michael,Chocho,kisumu
1706,Titus,Mbori,mombasa
1707,Angela,Chocho,mombasa
1708,Obinna,Nyakwea,mombasa
1710,Victor,Lwoyelo,kisumu
1712,Obinna,Githui,mombasa
1715,Mercy,Muguku,nairobi
1717,Frank,Otieno,kisumu
1718,Mercy,Nyakwea,mombasa
1721,Angela,Nyakwea,nairobi
1722,Angela,Muguku,mombasa
1724,Titus,Warimu,nairobi
1725,Frank,Miano,nairobi
1727,Titus,Nyakwea,nairobi
1729,Mercy,Mbori,nairobi
1730,Brian,Muguku,mombasa
1732,Angela,Muguku,nairobi
1733,Titus,Mbori,nairobi
1735,Mercy,Mbori,mombasa
1736,Obinna,Nyakwea,nairobi
1737,Dorcas,Nyakwea,nairobi
1739,Nancy,Nyakwea,nairobi
1741,Nancy,Otieno,kisumu
1742,Dorcas,Mbori,mombasa
1744,Victor,Miano,mombasa
1746,Victor,Otieno,kisumu
1749,Frank,Lwoyelo,mombasa
1750,Dorcas,Githui,mombasa
1751,Angela,Githui,mombasa
1755,Nancy,Githui,kisumu
1757,Brian,Otieno,kisumu
1759,Nancy,Muguku,kisumu
1760,Brian,Muguku,nairobi
1761,Nancy,Warimu,nairobi
1763,Michael,Otieno,mombasa
1764,Nancy,Muguku,kisumu
1768,Nancy,Muguku,mombasa
1770,Anthony,Mbori,kisumu
1771,Michael,Muguku,mombasa
1774,Nancy,Chocho,mombasa
1776,Frank,Warimu,mombasa
1781,Angela,Kingori,kisumu
1783,Frank,Mbori,mombasa
1784,Angela,Warimu,mombasa
1785,Michael,Kingori,kisumu
1792,Frank,Githui,nairobi
1794,Anthony,Murungi,mombasa
1796,Mercy,Murungi,nairobi
1797,Titus,Warimu,nairobi
1798,Frank,Chocho,nairobi
1799,Mercy,Lwoyelo,mombasa
1800,Dorcas,Muguku,nairobi
1801,Nancy,Nyakwea,kisumu
1803,Michael,Nyakwea,kisumu
1804,Mercy,Otieno,kisumu
1805,Mercy,Nyakwea,mombasa
1807,Obinna,Nyakwea,kisumu
1808,Titus,Chocho,mombasa
1809,Angela,Warimu,nairobi
1818,Michael,Muguku,nairobi
1822,Obinna,Kingori,kisumu
1825,Michael,Mbori,mombasa
1826,Brian,Githui,nairobi
1828,Brian,Githui,kisumu
1830,Brian,Murungi,kisumu
1831,Frank,Lwoyelo,kisumu
1834,Angela,Murungi,mombasa
1835,Titus,Githui,mombasa
1842,Titus,Murungi,kisumu
1845,Mercy,Nyakwea,mombasa
1848,Victor,Chocho,mombasa
1854,Obinna,Kingori,mombasa
1857,Obinna,Kingori,nairobi
1858,Frank,Murungi,kisumu
1859,Brian,Otieno,kisumu
1860,Nancy,Otieno,nairobi
1862,Victor,Warimu,mombasa
1863,Angela,Miano,nairobi
1864,Frank,Muguku,nairobi
1866,Titus,Miano,kisumu
1867,Mercy,Lwoyelo,mombasa
1869,Mercy,Githui,mombasa
1870,Nancy,Mbori,kisumu
1872,Obinna,Otieno,kisumu
1878,Michael,Kingori,kisumu
1880,Victor,Mbori,nairobi
1881,Obinna,Muguku,mombasa
1883,Dorcas,Kingori,kisumu
1884,Frank,Muguku,mombasa
1885,Michael,Warimu,mombasa
1887,Victor,Miano,kisumu
1888,Victor,Murungi,mombasa
1889,Frank,Chocho,kisumu
1890,Titus,Otieno,mombasa
1891,Angela,Lwoyelo,mombasa
1892,Nancy,Chocho,kisumu
1895,Titus,Muguku,mombasa
1896,Frank,Chocho,kisumu
1897,Victor,Kingori,nairobi
1898,Dorcas,Muguku,mombasa
1900,Michael,Chocho,nairobi
1901,Angela,Murungi,kisumu
1903,Nancy,Githui,mombasa
1908,Dorcas,Nyakwea,kisumu
1909,Dorcas,Githui,kisumu
1914,Mercy,Chocho,kisumu
1917,Obinna,Miano,mombasa
1918,Brian,Githui,nairobi
1920,Dorcas,Githui,nairobi
1921,Victor,Muguku,nairobi
1927,Victor,Lwoyelo,kisumu
1929,Obinna,Chocho,mombasa
1930,Mercy,Warimu,mombasa
1932,Titus,Miano,mombasa
1933,Anthony,Murungi,kisumu
1935,Victor,Chocho,kisumu
1936,Victor,Murungi,mombasa
1937,Anthony,Miano,nairobi
1938,Obinna,Githui,kisumu
1939,Frank,Warimu,nairobi
1943,Obinna,Muguku,kisumu
1944,Titus,Murungi,nairobi
1945,Michael,Githui,kisumu
1947,Brian,Chocho,kisumu
1950,Victor,Muguku,nairobi
1951,Michael,Nyakwea,nairobi
1954,Nancy,Chocho,kisumu
1957,Dorcas,Miano,kisumu
1958,Mercy,Kingori,kisumu
1961,Nancy,Otieno,nairobi
1966,Titus,Githui,kisumu
1968,Anthony,Otieno,mombasa
1972,Anthony,Lwoyelo,mombasa
1973,Mercy,Miano,mombasa
1974,Victor,Warimu,nairobi
1975,Nancy,Mbori,mombasa
1979,Michael,Murungi,nairobi
1981,Angela,Muguku,nairobi
1982,Mercy,Nyakwea,nairobi
1984,Brian,Lwoyelo,nairobi
1985,Angela,Mbori,nairobi
1987,Michael,Lwoyelo,nairobi
1988,Titus,Githui,nairobi
1989,Angela,Githui,nairobi
1991,Anthony,Nyakwea,mombasa
1993,Nancy,Lwoyelo,nairobi
1994,Nancy,Warimu,mombasa
1995,Angela,Chocho,nairobi
1997,Mercy,Warimu,mombasa
1999,Dorcas,Chocho,kisumu
2001,Brian,Lwoyelo,nairobi
2004,Dorcas,Otieno,nairobi
2005,Frank,Otieno,mombasa
2007,Anthony,Warimu,nairobi
2009,Titus,Kingori,mombasa
2011,Frank,Murungi,kisumu
2012,Titus,Muguku,nairobi
2013,Mercy,Mbori,kisumu
2014,Victor,Chocho,mombasa
2018,Frank,Murungi,mombasa
2019,Anthony,Kingori,mombasa
2020,Michael,Githui,kisumu
2022,Anthony,Warimu,kisumu
2028,Mercy,Mbori,nairobi
2029,Frank,Chocho,kisumu
2030,Victor,Warimu,nairobi
2031,Frank,Lwoyelo,mombasa
2032,Frank,Murungi,nairobi
2033,Victor,Nyakwea,nairobi
2034,Brian,Warimu,mombasa
2035,Mercy,Miano,mombasa
2036,Titus,Nyakwea,kisumu
2038,Dorcas,Otieno,mombasa
2042,Frank,Muguku,nairobi
2043,Titus,Githui,nairobi
2044,Anthony,Githui,mombasa
2046,Titus,Chocho,nairobi
2047,Mercy,Muguku,kisumu
2048,Mercy,Mbori,mombasa
2049,Angela,Otieno,nairobi
2055,Brian,Otieno,nairobi
2056,Dorcas,Kingori,nairobi
2059,Frank,Githui,kisumu
2060,Dorcas,Mbori,kisumu
2064,Michael,Otieno,mombasa
2065,Michael,Warimu,kisumu
2068,Nancy,Otieno,mombasa
2070,Frank,Murungi,mombasa
2071,Angela,Muguku,kisumu
2074,Michael,Otieno,nairobi
2076,Obinna,Mbori,nairobi
2077,Obinna,Nyakwea,mombasa
2078,Titus,Otieno,mombasa
2087,Frank,Githui,nairobi
2089,Dorcas,Nyakwea,kisumu
2091,Brian,Nyakwea,mombasa
2092,Obinna,Kingori,mombasa
2096,Frank,Otieno,kisumu
2101,Mercy,Lwoyelo,mombasa
2103,Michael,Lwoyelo,nairobi
2107,Michael,Miano,mombasa
2108,Dorcas,Warimu,nairobi
2109,Brian,Otieno,nairobi
2110,Angela,Warimu,kisumu
2111,Obinna,Murungi,nairobi
2112,Mercy,Nyakwea,nairobi
2116,Angela,Otieno,kisumu
2117,Victor,Lwoyelo,nairobi
2120,Obinna,Nyakwea,nairobi
2121,Anthony,Mbori,kisumu
2122,Michael,Warimu,mombasa
2124,Nancy,Murungi,kisumu
2127,Frank,Lwoyelo,nairobi
2129,Mercy,Githui,kisumu
2131,Victor,Lwoyelo,mombasa
2132,Dorcas,Otieno,mombasa
2136,Brian,Mbori,mombasa
2138,Brian,Muguku,kisumu
2140,Obinna,Warimu,kisumu
2142,Michael,Mbori,kisumu
2144,Nancy,Muguku,mombasa
2145,Nancy,Mbori,mombasa
2146,Michael,Githui,kisumu
2147,Titus,Nyakwea,nairobi
2148,Obinna,Otieno,kisumu
2149,Nancy,Muguku,mombasa
2151,Dorcas,Kingori,nairobi
2152,Dorcas,Nyakwea,mombasa
2153,Obinna,Otieno,mombasa
2154,Frank,Nyakwea,nairobi
2157,Brian,Chocho,nairobi
2158,Frank,Murungi,nairobi
2163,Victor,Mbori,nairobi
2167,Nancy,Nyakwea,nairobi
2169,Mercy,Mbori,mombasa
2170,Brian,Warimu,nairobi
2173,Angela,Murungi,nairobi
2176,Anthony,Kingori,kisumu
2177,Nancy,Nyakwea,kisumu
2179,Brian,Githui,kisumu
2180,Obinna,Mbori,kisumu
2183,Michael,Mbori,nairobi
2184,Obinna,Otieno,mombasa
2188,Michael,Miano,kisumu
2192,Angela,Kingori,nairobi
2195,Mercy,Warimu,mombasa
2197,Titus,Murungi,mombasa
2198,Anthony,Murungi,kisumu
2199,Anthony,Mbori,nairobi
2201,Michael,Murungi,mombasa
2202,Dorcas,Mbori,mombasa
2204,Obinna,Warimu,kisumu
2205,Angela,Mbori,mombasa
2206,Dorcas,Lwoyelo,nairobi
2207,Mercy,Chocho,mombasa
2208,Mercy,Murungi,nairobi
2209,Obinna,Muguku,kisumu
2211,Victor,Murungi,nairobi
2212,Dorcas,Muguku,kisumu
2213,Obinna,Chocho,kisumu
2215,Frank,Mbori,kisumu
2216,Frank,Miano,kisumu
2217,Nancy,Warimu,kisumu
2218,Frank,Githui,nairobi
2224,Obinna,Murungi,mombasa
2227,Michael,Muguku,nairobi
2228,Brian,Kingori,kisumu
2229,Michael,Muguku,nairobi
2230,Victor,Kingori,nairobi
2231,Mercy,Nyakwea,nairobi
2233,Angela,Murungi,mombasa
2235,Mercy,Murungi,kisumu
2237,Obinna,Nyakwea,nairobi
2239,Angela,Warimu,kisumu
2240,Obinna,Warimu,mombasa
2241,Michael,Kingori,mombasa
2243,Anthony,Muguku,nairobi
2260,Dorcas,Miano,kisumu
2261,Angela,Miano,kisumu
2262,Mercy,Nyakwea,kisumu
2265,Michael,Nyakwea,mombasa
2266,Victor,Githui,nairobi
2269,Angela,Githui,kisumu
2270,Brian,Otieno,nairobi
2272,Titus,Warimu,kisumu
2273,Michael,Otieno,kisumu
2274,Nancy,Muguku,kisumu
2277,Brian,Murungi,nairobi
2279,Victor,Otieno,kisumu
2280,Angela,Warimu,mombasa
2283,Mercy,Nyakwea,mombasa
2284,Dorcas,Githui,kisumu
2285,Michael,Chocho,mombasa
2287,Titus,Lwoyelo,mombasa
2288,Nancy,Lwoyelo,nairobi
2295,Dorcas,Githui,kisumu
2298,Titus,Murungi,nairobi
2301,Victor,Chocho,nairobi
2306,Nancy,Githui,mombasa
2308,Anthony,Otieno,nairobi
2309,Titus,Nyakwea,mombasa
2310,Dorcas,Murungi,kisumu
2311,Titus,Miano,kisumu
2314,Michael,Nyakwea,kisumu
2315,Frank,Miano,nairobi
2316,Frank,Lwoyelo,kisumu
2317,Brian,Lwoyelo,kisumu
2318,Mercy,Muguku,nairobi
2319,Michael,Miano,kisumu
2323,Victor,Lwoyelo,kisumu
2325,Mercy,Otieno,mombasa
2330,Michael,Kingori,nairobi
2331,Brian,Muguku,kisumu
2336,Brian,Kingori,nairobi
2338,Mercy,Chocho,nairobi
2340,Nancy,Warimu,kisumu
2342,Frank,Mbori,mombasa
2343,Brian,Murungi,kisumu
2344,Victor,Nyakwea,mombasa
2346,Titus,Muguku,kisumu
2347,Angela,Miano,mombasa
2349,Obinna,Githui,kisumu
2350,Obinna,Warimu,mombasa
2351,Obinna,Lwoyelo,mombasa
2352,Nancy,Kingori,nairobi
2354,Nancy,Mbori,nairobi
2355,Mercy,Mbori,kisumu
2356,Mercy,Otieno,nairobi
2361,Anthony,Lwoyelo,nairobi
2362,Titus,Chocho,kisumu
2364,Nancy,Kingori,nairobi
2365,Nancy,Otieno,kisumu
2366,Anthony,Murungi,kisumu
2367,Mercy,Otieno,nairobi
2370,Mercy,Warimu,kisumu
2372,Mercy,Murungi,kisumu
2373,Brian,Lwoyelo,mombasa
2376,Michael,Muguku,kisumu
2378,Brian,Mbori,mombasa
2381,Angela,Murungi,nairobi
2383,Obinna,Warimu,nairobi
2384,Anthony,Warimu,nairobi
2385,Michael,Lwoyelo,mombasa
2386,Frank,Kingori,nairobi
2388,Titus,Nyakwea,kisumu
2391,Victor,Muguku,mombasa
2393,Frank,Murungi,mombasa
2396,Frank,Kingori,kisumu
2397,Titus,Githui,kisumu
2398,Obinna,Mbori,nairobi
2399,Brian,Kingori,nairobi
2400,Victor,Githui,kisumu
2402,Victor,Kingori,kisumu
2404,Brian,Murungi,nairobi
2405,Obinna,Muguku,mombasa
2406,Victor,Warimu,mombasa
2408,Michael,Murungi,nairobi
2409,Brian,Kingori,nairobi
2415,Victor,Nyakwea,mombasa
2417,Brian,Mbori,kisumu
2418,Anthony,Githui,mombasa
2420,Dorcas,Warimu,nairobi
2422,Mercy,Murungi,mombasa
2426,Frank,Warimu,kisumu
2427,Obinna,Kingori,mombasa
2428,Angela,Warimu,mombasa
2429,Titus,Nyakwea,nairobi
2431,Victor,Mbori,mombasa
2434,Brian,Lwoyelo,kisumu
2435,Michael,Githui,kisumu
2440,Victor,Githui,mombasa
2441,Michael,Mbori,mombasa
2442,Angela,Mbori,kisumu
2445,Titus,Murungi,nairobi
2448,Mercy,Miano,kisumu
2449,Obinna,Miano,kisumu
2452,Brian,Miano,nairobi
2456,Nancy,Githui,nairobi
2457,Nancy,Lwoyelo,mombasa
2460,Victor,Githui,nairobi
2461,Frank,Muguku,kisumu
2464,Frank,Murungi,kisumu
2465,Brian,Muguku,mombasa
2466,Victor,Githui,mombasa
2471,Victor,Warimu,kisumu
2472,Nancy,Miano,mombasa
2473,Michael,Mbori,mombasa
2474,Victor,Chocho,mombasa
2475,Titus,Nyakwea,kisumu
2476,Frank,Otieno,mombasa
2480,Obinna,Muguku,mombasa
2482,Titus,Kingori,mombasa
2485,Titus,Otieno,kisumu
2487,Brian,Murungi,nairobi
2491,Angela,Warimu,kisumu
2494,Mercy,Githui,kisumu
2495,Mercy,Warimu,mombasa
2496,Dorcas,Chocho,mombasa
2497,Victor,Kingori,nairobi
2499,Titus,Lwoyelo,mombasa
2502,Victor,Lwoyelo,kisumu
2503,Anthony,Kingori,nairobi
2506,Victor,Nyakwea,mombasa
2510,Dorcas,Mbori,mombasa
2511,Angela,Nyakwea,mombasa
2512,Titus,Warimu,kisumu
2513,Dorcas,Githui,mombasa
2514,Frank,Otieno,nairobi
2516,Nancy,Chocho,mombasa
2517,Angela,Nyakwea,nairobi
2520,Obinna,Otieno,mombasa
2521,Frank,Miano,kisumu
2522,Frank,Lwoyelo,nairobi
2523,Frank,Muguku,nairobi
2524,Dorcas,Kingori,kisumu
2528,Frank,Githui,kisumu
2531,Angela,Warimu,nairobi
2536,Victor,Murungi,kisumu
2541,Angela,Warimu,nairobi
2542,Frank,Muguku,mombasa
2544,Angela,Muguku,mombasa
2553,Anthony,Otieno,kisumu
2555,Michael,Otieno,nairobi
2556,Angela,Mbori,mombasa
2558,Michael,Miano,nairobi
2561,Dorcas,Kingori,kisumu
2564,Nancy,Kingori,mombasa
2565,Nancy,Otieno,nairobi
2567,Nancy,Warimu,mombasa
2568,Michael,Mbori,kisumu
2570,Frank,Lwoyelo,kisumu
2571,Victor,Kingori,mombasa
2572,Anthony,Chocho,kisumu
2573,Anthony,Mbori,nairobi
2574,Michael,Murungi,nairobi
2577,Nancy,Miano,kisumu
2578,Mercy,Nyakwea,kisumu
2583,Dorcas,Muguku,mombasa
2585,Victor,Warimu,kisumu
2588,Brian,Muguku,nairobi
2591,Frank,Lwoyelo,mombasa
2595,Brian,Githui,mombasa
2599,Mercy,Miano,nairobi
2601,Victor,Githui,mombasa
2602,Frank,Mbori,nairobi
2607,Frank,Warimu,kisumu
2610,Frank,Otieno,nairobi
2613,Titus,Kingori,nairobi
2614,Dorcas,Lwoyelo,kisumu
2615,Angela,Mbori,nairobi
2616,Victor,Mbori,kisumu
2619,Dorcas,Kingori,mombasa
2622,Anthony,Githui,kisumu
2623,Anthony,Lwoyelo,mombasa
2625,Brian,Githui,mombasa
2626,Angela,Mbori,mombasa
2627,Michael,Otieno,kisumu
2628,Michael,Chocho,mombasa
2630,Frank,Githui,kisumu
2631,Frank,Kingori,mombasa
2632,Titus,Murungi,mombasa
2635,Obinna,Mbori,nairobi
2637,Obinna,Murungi,kisumu
2638,Mercy,Muguku,nairobi
2639,Obinna,Githui,nairobi
2641,Mercy,Miano,kisumu
2642,Angela,Kingori,nairobi
2643,Titus,Lwoyelo,mombasa
2646,Nancy,Githui,nairobi
2647,Victor,Murungi,mombasa
2649,Obinna,Githui,mombasa
2653,Obinna,Githui,nairobi
2654,Anthony,Otieno,nairobi
2655,Angela,Otieno,kisumu
2656,Victor,Lwoyelo,mombasa
2659,Nancy,Githui,kisumu
2663,Victor,Warimu,kisumu
2664,Nancy,Lwoyelo,nairobi
2670,Mercy,Mbori,mombasa
2671,Mercy,Otieno,nairobi
2672,Frank,Chocho,kisumu
2674,Titus,Mbori,kisumu
2675,Mercy,Muguku,kisumu
2676,Anthony,Nyakwea,nairobi
2677,Victor,Miano,mombasa
2680,Obinna,Githui,mombasa
2683,Anthony,Nyakwea,kisumu
2684,Mercy,Muguku,nairobi
2687,Michael,Kingori,kisumu
2690,Anthony,Otieno,mombasa
2691,Frank,Murungi,mombasa
2694,Michael,Chocho,kisumu
2697,Titus,Mbori,nairobi
2700,Titus,Githui,mombasa
2701,Obinna,Kingori,nairobi
2702,Frank,Miano,mombasa
2703,Dorcas,Chocho,nairobi
2704,Mercy,Otieno,mombasa
2705,Titus,Otieno,kisumu
2706,Brian,Lwoyelo,mombasa
2710,Titus,Murungi,nairobi
2711,Brian,Murungi,mombasa
2716,Victor,Lwoyelo,nairobi
2717,Anthony,Muguku,nairobi
2721,Mercy,Muguku,kisumu
2722,Mercy,Muguku,mombasa
2723,Mercy,Lwoyelo,nairobi
2724,Frank,Chocho,nairobi
2725,Mercy,Mbori,nairobi
2726,Michael,Nyakwea,nairobi
2727,Obinna,Lwoyelo,nairobi
2728,Dorcas,Nyakwea,kisumu
2731,Victor,Otieno,kisumu
2735,Michael,Murungi,kisumu
2737,Mercy,Lwoyelo,nairobi
2739,Dorcas,Lwoyelo,mombasa
2742,Brian,Otieno,nairobi
2745,Titus,Miano,nairobi
2747,Brian,Mbori,mombasa
2750,Brian,Nyakwea,nairobi
2754,Angela,Kingori,kisumu
2755,Dorcas,Muguku,kisumu
2762,Anthony,Chocho,kisumu
2768,Brian,Lwoyelo,mombasa
2769,Obinna,Nyakwea,kisumu
2770,Mercy,Muguku,nairobi
2772,Mercy,Lwoyelo,kisumu
2774,Obinna,Murungi,mombasa
2775,Nancy,Nyakwea,mombasa
2778,Frank,Muguku,mombasa
2780,Michael,Otieno,nairobi
2783,Frank,Warimu,mombasa
2784,Frank,Warimu,mombasa
2785,Anthony,Muguku,nairobi
2786,Nancy,Kingori,kisumu
2789,Mercy,Kingori,nairobi
2790,Frank,Kingori,nairobi
2791,Anthony,Murungi,kisumu
2792,Frank,Nyakwea,mombasa
2799,Victor,Muguku,kisumu
2801,Mercy,Chocho,mombasa
2802,Brian,Nyakwea,mombasa
2803,Anthony,Otieno,mombasa
2804,Mercy,Warimu,nairobi
2805,Dorcas,Miano,mombasa
2808,Michael,Miano,nairobi
2809,Dorcas,Nyakwea,mombasa
2811,Dorcas,Warimu,nairobi
2813,Anthony,Nyakwea,nairobi
2814,Victor,Githui,mombasa
2817,Nancy,Nyakwea,nairobi
2818,Titus,Kingori,kisumu
2820,Nancy,Muguku,kisumu
2822,Anthony,Githui,kisumu
2823,Mercy,Githui,nairobi
2828,Anthony,Miano,kisumu
2829,Mercy,Murungi,kisumu
2830,Mercy,Nyakwea,nairobi
2832,Michael,Warimu,nairobi
2833,Dorcas,Lwoyelo,nairobi
2834,Anthony,Mbori,mombasa
2836,Dorcas,Lwoyelo,nairobi
2837,Mercy,Nyakwea,nairobi
2838,Victor,Miano,kisumu
2840,Dorcas,Nyakwea,kisumu
2843,Michael,Miano,nairobi
2844,Michael,Githui,nairobi
2847,Nancy,Mbori,mombasa
2848,Mercy,Murungi,kisumu
2850,Dorcas,Lwoyelo,mombasa
2853,Brian,Miano,mombasa
2856,Frank,Miano,nairobi
2857,Mercy,Nyakwea,kisumu
2858,Angela,Otieno,kisumu
2859,Dorcas,Otieno,mombasa
2861,Victor,Nyakwea,mombasa
2866,Dorcas,Murungi,nairobi
2867,Frank,Murungi,kisumu
2868,Brian,Muguku,mombasa
2869,Frank,Otieno,nairobi
2873,Brian,Mbori,nairobi
2874,Obinna,Lwoyelo,nairobi
2875,Nancy,Kingori,kisumu
2877,Frank,Mbori,nairobi
2879,Victor,Miano,nairobi
2881,Brian,Chocho,mombasa
2882,Frank,Miano,nairobi
2884,Angela,Otieno,mombasa
2885,Victor,Muguku,kisumu
2886,Anthony,Githui,kisumu
2887,Angela,Lwoyelo,nairobi
2889,Brian,Warimu,kisumu
2890,Nancy,Lwoyelo,nairobi
2891,Victor,Nyakwea,kisumu
2894,Frank,Kingori,mombasa
2898,Obinna,Lwoyelo,nairobi
2900,Michael,Chocho,nairobi
2902,Michael,Warimu,nairobi
2903,Mercy,Warimu,nairobi
2905,Titus,Mbori,nairobi
2907,Frank,Mbori,mombasa
2909,Michael,Otieno,kisumu
2912,Angela,Lwoyelo,kisumu
2920,Titus,Miano,nairobi
2922,Titus,Warimu,nairobi
2923,Anthony,Muguku,kisumu
2926,Frank,Githui,mombasa
2929,Mercy,Murungi,mombasa
2930,Michael,Murungi,nairobi
2933,Frank,Githui,mombasa
2934,Victor,Mbori,kisumu
2935,Brian,Warimu,kisumu
2936,Michael,Lwoyelo,kisumu
2941,Obinna,Otieno,nairobi
2943,Michael,Miano,nairobi
2944,Anthony,Otieno,kisumu
2945,Victor,Lwoyelo,mombasa
2949,Victor,Murungi,kisumu
2951,Anthony,Lwoyelo,kisumu
2954,Brian,Muguku,kisumu
2956,Michael,Chocho,kisumu
2957,Anthony,Kingori,kisumu
2961,Titus,Otieno,kisumu
2962,Nancy,Mbori,kisumu
2966,Dorcas,Miano,nairobi
2968,Victor,Otieno,mombasa
2970,Michael,Kingori,kisumu
2976,Titus,Miano,mombasa
2980,Anthony,Chocho,mombasa
2982,Victor,Nyakwea,kisumu
2983,Dorcas,Nyakwea,nairobi
2987,Angela,Miano,nairobi
2989,Nancy,Lwoyelo,kisumu
2991,Dorcas,Nyakwea,kisumu
2992,Brian,Chocho,mombasa
2993,Angela,Warimu,mombasa
2996,Michael,Muguku,nairobi
2997,Dorcas,Mbori,kisumu
2998,Nancy,Nyakwea,mombasa
2999,Obinna,Githui,nairobi
3000,Angela,Githui,nairobi
3002,Victor,Lwoyelo,nairobi
3003,Brian,Githui,kisumu
3005,Mercy,Warimu,nairobi
3006,Titus,Kingori,mombasa
3007,Frank,Githui,mombasa
3009,Mercy,Murungi,nairobi
3012,Michael,Otieno,mombasa
3013,Frank,Muguku,kisumu
3016,Mercy,Chocho,mombasa
3017,Anthony,Warimu,mombasa
3018,Anthony,Miano,kisumu
3019,Angela,Lwoyelo,nairobi
3022,Angela,Muguku,mombasa
3023,Brian,Warimu,nairobi
3024,Obinna,Chocho,kisumu
3026,Brian,Chocho,kisumu
3027,Dorcas,Lwoyelo,mombasa
3028,Dorcas,Nyakwea,mombasa
3029,Brian,Warimu,mombasa
3038,Frank,Murungi,mombasa
3039,Dorcas,Warimu,mombasa
3043,Victor,Mbori,kisumu
3044,Angela,Otieno,kisumu
3046,Titus,Lwoyelo,nairobi
3047,Brian,Otieno,nairobi
3052,Dorcas,Kingori,mombasa
3055,Nancy,Miano,kisumu
3056,Nancy,Githui,kisumu
3058,Frank,Nyakwea,mombasa
3059,Brian,Warimu,mombasa
3064,Nancy,Mbori,nairobi
3065,Michael,Kingori,mombasa
3066,Victor,Chocho,mombasa
3069,Michael,Mbori,mombasa
3072,Titus,Mbori,mombasa
3075,Angela,Miano,nairobi
3076,Anthony,Miano,nairobi
3077,Frank,Muguku,kisumu
3078,Anthony,Mbori,mombasa
3080,Obinna,Miano,mombasa
3081,Anthony,Muguku,kisumu
3083,Angela,Lwoyelo,nairobi
3084,Mercy,Miano,nairobi
3086,Angela,Otieno,mombasa
3087,Brian,Chocho,nairobi
3088,Titus,Chocho,mombasa
3090,Angela,Kingori,mombasa
3092,Brian,Mbori,nairobi
3093,Nancy,Murungi,mombasa
3094,Anthony,Chocho,mombasa
3095,Titus,Githui,mombasa
3097,Mercy,Otieno,nairobi
3101,Victor,Muguku,mombasa
3103,Titus,Chocho,mombasa
3104,Dorcas,Kingori,mombasa
3105,Titus,Otieno,nairobi
3106,Mercy,Chocho,nairobi
3111,Brian,Lwoyelo,kisumu
3112,Michael,Murungi,mombasa
3113,Anthony,Warimu,kisumu
3114,Frank,Githui,nairobi
3115,Mercy,Nyakwea,kisumu
3116,Nancy,Murungi,nairobi
3119,Frank,Miano,mombasa
3120,Dorcas,Mbori,nairobi
3121,Titus,Otieno,mombasa
3123,Brian,Muguku,mombasa
3126,Brian,Chocho,mombasa
3129,Anthony,Miano,nairobi
3130,Angela,Kingori,mombasa
3131,Obinna,Githui,kisumu
3133,Titus,Githui,mombasa
3134,Mercy,Chocho,mombasa
3136,Frank,Miano,nairobi
3138,Anthony,Murungi,nairobi
3139,Michael,Muguku,kisumu
3140,Frank,Kingori,mombasa
3142,Angela,Lwoyelo,kisumu
3145,Dorcas,Githui,mombasa
3147,Angela,Miano,kisumu
3148,Victor,Chocho,nairobi
3149,Mercy,Warimu,mombasa
3151,Michael,Nyakwea,mombasa
3154,Angela,Miano,mombasa
3155,Anthony,Nyakwea,kisumu
3156,Anthony,Nyakwea,nairobi
3157,Angela,Lwoyelo,mombasa
3158,Angela,Githui,nairobi
3159,Frank,Mbori,kisumu
3162,Dorcas,Chocho,nairobi
3164,Victor,Warimu,kisumu
3165,Angela,Nyakwea,mombasa
3168,Brian,Chocho,nairobi
3169,Frank,Mbori,kisumu
3170,Titus,Chocho,nairobi
3171,Frank,Muguku,kisumu
3173,Nancy,Muguku,mombasa
3174,Michael,Muguku,mombasa
3175,Dorcas,Githui,kisumu
3177,Michael,Githui,mombasa
3180,Dorcas,Githui,nairobi
3181,Mercy,Lwoyelo,mombasa
3183,Brian,Miano,kisumu
3185,Nancy,Mbori,kisumu
3186,Titus,Lwoyelo,kisumu
3188,Dorcas,Chocho,mombasa
3189,Angela,Chocho,kisumu
3190,Dorcas,Murungi,nairobi
3195,Brian,Otieno,kisumu
3196,Titus,Lwoyelo,nairobi
3198,Brian,Murungi,mombasa
3199,Dorcas,Miano,nairobi
3200,Titus,Githui,nairobi
3203,Mercy,Muguku,mombasa
3205,Mercy,Chocho,mombasa
3210,Victor,Lwoyelo,kisumu
3213,Mercy,Miano,mombasa
3216,Dorcas,Muguku,kisumu
3217,Frank,Nyakwea,mombasa
3219,Titus,Otieno,nairobi
3220,Anthony,Warimu,nairobi
3221,Obinna,Chocho,mombasa
3222,Dorcas,Miano,kisumu
3225,Brian,Murungi,kisumu
3228,Nancy,Miano,mombasa
3229,Mercy,Muguku,mombasa
3230,Victor,Lwoyelo,mombasa
3233,Michael,Murungi,mombasa
3234,Frank,Miano,mombasa
3238,Obinna,Miano,nairobi
3239,Obinna,Nyakwea,mombasa
3241,Brian,Mbori,mombasa
3244,Dorcas,Chocho,mombasa
3245,Mercy,Githui,nairobi
3250,Victor,Githui,kisumu
3255,Angela,Mbori,kisumu
3258,Titus,Miano,kisumu
3263,Mercy,Mbori,kisumu
3264,Frank,Otieno,kisumu
3265,Brian,Mbori,nairobi
3267,Angela,Githui,kisumu
3268,Michael,Githui,nairobi
3269,Michael,Chocho,mombasa
3271,Brian,Mbori,nairobi
3272,Victor,Otieno,mombasa
3273,Mercy,Murungi,mombasa
3274,Anthony,Nyakwea,mombasa
3275,Angela,Miano,mombasa
3276,Angela,Murungi,kisumu
3277,Michael,Otieno,mombasa
3278,Titus,Mbori,mombasa
3281,Angela,Mbori,kisumu
3283,Dorcas,Murungi,kisumu
3285,Angela,Miano,mombasa
3286,Frank,Lwoyelo,mombasa
3288,Mercy,Nyakwea,mombasa
3291,Angela,Nyakwea,kisumu
3293,Nancy,Lwoyelo,mombasa
3297,Anthony,Chocho,nairobi
3298,Victor,Chocho,kisumu
3299,Frank,Warimu,mombasa
3300,Obinna,Miano,mombasa
3302,Michael,Kingori,kisumu
3304,Obinna,Mbori,kisumu
3309,Mercy,Kingori,kisumu
3311,Titus,Mbori,nairobi
3312,Titus,Chocho,kisumu
3313,Mercy,Githui,nairobi
3315,Nancy,Miano,kisumu
3316,Mercy,Miano,nairobi
3318,Dorcas,Lwoyelo,kisumu
3319,Obinna,Githui,kisumu
3320,Michael,Miano,mombasa
3321,Titus,Warimu,mombasa
3323,Anthony,Murungi,kisumu
3326,Angela,Kingori,nairobi
3328,Mercy,Warimu,kisumu
3331,Anthony,Mbori,nairobi
3334,Obinna,Lwoyelo,nairobi
3336,Angela,Lwoyelo,nairobi
3337,Obinna,Miano,mombasa
3338,Mercy,Warimu,nairobi
3340,Dorcas,Murungi,kisumu
3342,Dorcas,Mbori,kisumu
3344,Angela,Murungi,kisumu
3345,Mercy,Githui,mombasa
3347,Titus,Githui,kisumu
3349,Nancy,Muguku,nairobi
3350,Anthony,Miano,mombasa
3352,Obinna,Kingori,nairobi
3357,Angela,Chocho,kisumu
3358,Dorcas,Warimu,kisumu
3359,Dorcas,Muguku,kisumu
3361,Brian,Miano,mombasa
3362,Angela,Muguku,kisumu
3363,Michael,Kingori,mombasa
3364,Michael,Mbori,kisumu
3365,Anthony,Miano,mombasa
3366,Brian,Warimu,nairobi
3367,Mercy,Miano,kisumu
3369,Michael,Mbori,mombasa
3372,Titus,Warimu,kisumu
3373,Victor,Murungi,kisumu
3374,Anthony,Mbori,mombasa
3378,Brian,Warimu,kisumu
3380,Dorcas,Kingori,nairobi
3384,Michael,Githui,nairobi
3388,Brian,Mbori,kisumu
3391,Dorcas,Mbori,kisumu
3393,Michael,Muguku,nairobi
3396,Brian,Otieno,mombasa
3398,Dorcas,Warimu,mombasa
3399,Angela,Mbori,kisumu
3403,Obinna,Mbori,kisumu
3404,Michael,Chocho,nairobi
3406,Michael,Githui,kisumu
3407,Titus,Warimu,mombasa
3408,Michael,Miano,kisumu
3409,Anthony,Muguku,mombasa
3410,Angela,Warimu,mombasa
3411,Mercy,Mbori,nairobi
3415,Brian,Kingori,nairobi
3417,Michael,Murungi,mombasa
3419,Anthony,Kingori,nairobi
3420,Dorcas,Kingori,mombasa
3422,Brian,Otieno,kisumu
3424,Dorcas,Mbori,nairobi
3425,Brian,Warimu,kisumu
3430,Victor,Kingori,kisumu
3433,Obinna,Kingori,nairobi
3438,Dorcas,Chocho,nairobi
3441,Brian,Chocho,kisumu
3442,Victor,Miano,nairobi
3447,Dorcas,Otieno,nairobi
3450,Michael,Lwoyelo,mombasa
3452,Anthony,Chocho,kisumu
3455,Frank,Otieno,nairobi
3457,Anthony,Murungi,mombasa
3458,Frank,Warimu,nairobi
3461,Dorcas,Miano,mombasa
3463,Dorcas,Warimu,mombasa
3466,Frank,Nyakwea,kisumu
3472,Mercy,Githui,mombasa
3473,Frank,Nyakwea,kisumu
3475,Frank,Murungi,kisumu
3476,Angela,Mbori,nairobi
3477,Victor,Muguku,nairobi
3478,Obinna,Warimu,nairobi
3479,Anthony,Githui,kisumu
3480,Michael,Murungi,kisumu
3481,Angela,Murungi,kisumu
3484,Obinna,Otieno,mombasa
3485,Brian,Miano,kisumu
3488,Obinna,Murungi,kisumu
3492,Frank,Kingori,nairobi
3493,Frank,Otieno,mombasa
3496,Michael,Otieno,nairobi
3497,Michael,Warimu,nairobi
3498,Victor,Muguku,mombasa
3499,Victor,Warimu,nairobi
3500,Anthony,Miano,mombasa
3501,Obinna,Miano,nairobi
3502,Mercy,Muguku,kisumu
3504,Frank,Kingori,kisumu
3505,Anthony,Nyakwea,kisumu
3507,Victor,Otieno,mombasa
3509,Angela,Miano,mombasa
3510,Michael,Muguku,kisumu
3513,Brian,Nyakwea,nairobi
3514,Victor,Otieno,kisumu
3515,Victor,Chocho,kisumu
3516,Dorcas,Miano,mombasa
3517,Dorcas,Chocho,mombasa
3518,Mercy,Githui,nairobi
3519,Mercy,Miano,nairobi
3520,Anthony,Nyakwea,kisumu
3521,Mercy,Kingori,nairobi
3522,Dorcas,Lwoyelo,mombasa
3523,Nancy,Chocho,nairobi
3528,Dorcas,Warimu,kisumu
3530,Dorcas,Miano,nairobi
3533,Michael,Otieno,nairobi
3538,Dorcas,Githui,kisumu
3539,Nancy,Muguku,nairobi
3541,Anthony,Nyakwea,mombasa
3542,Mercy,Warimu,nairobi
3543,Angela,Warimu,nairobi
3544,Michael,Murungi,kisumu
3546,Frank,Mbori,mombasa
3548,Angela,Otieno,nairobi
3550,Anthony,Warimu,mombasa
3551,Anthony,Mbori,nairobi
3552,Nancy,Murungi,nairobi
3553,Frank,Lwoyelo,mombasa
3554,Obinna,Mbori,kisumu
3563,Nancy,Murungi,mombasa
3564,Obinna,Muguku,nairobi
3566,Victor,Miano,nairobi
3567,Mercy,Kingori,mombasa
3568,Frank,Nyakwea,nairobi
3570,Nancy,Otieno,kisumu
3571,Titus,Githui,nairobi
3573,Mercy,Miano,kisumu
3574,Frank,Murungi,kisumu
3575,Obinna,Muguku,nairobi
3577,Angela,Mbori,mombasa
3579,Dorcas,Miano,kisumu
3580,Frank,Warimu,kisumu
3582,Brian,Nyakwea,mombasa
3584,Angela,Murungi,nairobi
3585,Nancy,Kingori,mombasa
3586,Anthony,Nyakwea,kisumu
3589,Victor,Murungi,kisumu
3592,Anthony,Chocho,kisumu
3593,Obinna,Lwoyelo,kisumu
3594,Mercy,Chocho,nairobi
3595,Obinna,Muguku,kisumu
3598,Anthony,Muguku,nairobi
3604,Anthony,Nyakwea,nairobi
3607,Anthony,Muguku,kisumu
3608,Dorcas,Muguku,nairobi
3609,Nancy,Murungi,nairobi
3611,Angela,Nyakwea,mombasa
3616,Victor,Kingori,kisumu
3617,Mercy,Muguku,mombasa
3618,Michael,Chocho,nairobi
3619,Michael,Muguku,mombasa
3622,Victor,Murungi,mombasa
3624,Titus,Otieno,mombasa
3626,Titus,Miano,mombasa
3627,Angela,Warimu,kisumu
3628,Angela,Chocho,nairobi
3636,Dorcas,Lwoyelo,nairobi
3637,Dorcas,Muguku,nairobi
3638,Angela,Kingori,nairobi
3639,Frank,Miano,nairobi
3640,Mercy,Kingori,kisumu
3641,Angela,Miano,kisumu
3642,Nancy,Warimu,mombasa
3645,Victor,Murungi,mombasa
3646,Frank,Otieno,kisumu
3647,Titus,Kingori,mombasa
3649,Brian,Nyakwea,nairobi
3651,Dorcas,Kingori,kisumu
3652,Brian,Mbori,kisumu
3654,Angela,Nyakwea,nairobi
3655,Titus,Chocho,kisumu
3656,Michael,Lwoyelo,nairobi
3657,Anthony,Mbori,kisumu
3658,Mercy,Nyakwea,kisumu
3662,Anthony,Lwoyelo,nairobi
3663,Victor,Mbori,kisumu
3665,Michael,Githui,mombasa
3669,Nancy,Kingori,mombasa
3670,Obinna,Kingori,kisumu
3671,Anthony,Muguku,kisumu
3676,Dorcas,Murungi,mombasa
3678,Titus,Warimu,kisumu
3679,Brian,Muguku,nairobi
3683,Nancy,Otieno,mombasa
3687,Angela,Miano,kisumu
3688,Michael,Miano,kisumu
3689,Mercy,Mbori,nairobi
3692,Frank,Warimu,mombasa
3698,Victor,Nyakwea,nairobi
3700,Dorcas,Murungi,mombasa
3701,Nancy,Githui,nairobi
3702,Angela,Chocho,mombasa
3703,Dorcas,Mbori,kisumu
3704,Brian,Lwoyelo,mombasa
3705,Dorcas,Murungi,nairobi
3706,Nancy,Miano,kisumu
3708,Dorcas,Otieno,nairobi
3710,Michael,Nyakwea,nairobi
3714,Angela,Githui,nairobi
3717,Victor,Chocho,kisumu
3718,Victor,Chocho,nairobi
3719,Anthony,Warimu,nairobi
3720,Michael,Nyakwea,nairobi
3721,Dorcas,Githui,nairobi
3722,Brian,Lwoyelo,nairobi
3723,Anthony,Kingori,kisumu
3724,Frank,Otieno,mombasa
3726,Angela,Murungi,mombasa
3727,Mercy,Warimu,kisumu
3728,Brian,Kingori,kisumu
3729,Obinna,Murungi,nairobi
3730,Victor,Chocho,kisumu
3732,Titus,Mbori,kisumu
3733,Anthony,Chocho,kisumu
3734,Michael,Miano,mombasa
3736,Anthony,Lwoyelo,nairobi
3737,Obinna,Muguku,mombasa
3739,Obinna,Warimu,nairobi
3741,Michael,Kingori,nairobi
3742,Frank,Chocho,nairobi
3744,Nancy,Lwoyelo,kisumu
3747,Obinna,Miano,nairobi
3749,Obinna,Chocho,nairobi
3750,Mercy,Mbori,kisumu
3751,Dorcas,Muguku,mombasa
3755,Dorcas,Kingori,mombasa
3757,Mercy,Miano,mombasa
3758,Michael,Miano,kisumu
3759,Victor,Muguku,kisumu
3760,Frank,Githui,kisumu
3761,Brian,Nyakwea,kisumu
3764,Victor,Warimu,mombasa
3765,Brian,Otieno,mombasa
3767,Michael,Lwoyelo,mombasa
3768,Nancy,Githui,nairobi
3770,Obinna,Otieno,kisumu
3772,Obinna,Chocho,mombasa
3775,Victor,Nyakwea,mombasa
3777,Victor,Mbori,mombasa
3781,Angela,Muguku,nairobi
3783,Victor,Miano,mombasa
3784,Nancy,Nyakwea,kisumu
3790,Victor,Chocho,nairobi
3793,Victor,Nyakwea,kisumu
3794,Mercy,Miano,kisumu
3799,Victor,Otieno,nairobi
3800,Obinna,Warimu,kisumu
3801,Michael,Lwoyelo,nairobi
3803,Anthony,Mbori,kisumu
3805,Anthony,Otieno,kisumu
3807,Dorcas,Chocho,kisumu
3808,Brian,Chocho,mombasa
3809,Mercy,Otieno,kisumu
3811,Frank,Githui,nairobi
3812,Frank,Mbori,kisumu
3814,Dorcas,Chocho,kisumu
3815,Titus,Otieno,kisumu
3816,Victor,Warimu,nairobi
3817,Dorcas,Miano,nairobi
3818,Brian,Lwoyelo,nairobi
3823,Angela,Githui,mombasa
3826,Nancy,Chocho,nairobi
3830,Dorcas,Otieno,kisumu
3831,Nancy,Nyakwea,mombasa
3833,Brian,Githui,nairobi
3834,Nancy,Warimu,kisumu
3835,Michael,Murungi,mombasa
3836,Angela,Lwoyelo,kisumu
3837,Nancy,Miano,nairobi
3839,Mercy,Warimu,nairobi
3842,Titus,Otieno,mombasa
3843,Frank,Warimu,kisumu
3844,Michael,Kingori,nairobi
3846,Anthony,Kingori,nairobi
3850,Anthony,Lwoyelo,kisumu
3851,Titus,Miano,nairobi
3852,Anthony,Muguku,nairobi
3857,Angela,Muguku,kisumu
3858,Nancy,Muguku,nairobi
3860,Victor,Miano,mombasa
3861,Dorcas,Murungi,nairobi
3865,Angela,Muguku,kisumu
3866,Frank,Nyakwea,nairobi
3870,Michael,Miano,kisumu
3871,Nancy,Warimu,nairobi
3875,Frank,Lwoyelo,nairobi
3882,Frank,Kingori,mombasa
3883,Victor,Otieno,nairobi
3884,Frank,Miano,kisumu
3885,Anthony,Chocho,nairobi
3887,Victor,Nyakwea,kisumu
3888,Anthony,Murungi,nairobi
3889,Frank,Kingori,mombasa
3890,Michael,Warimu,kisumu
3894,Mercy,Nyakwea,kisumu
3895,Angela,Chocho,mombasa
3898,Anthony,Lwoyelo,mombasa
3899,Titus,Mbori,kisumu
3900,Brian,Nyakwea,mombasa
3902,Mercy,Warimu,kisumu
3903,Mercy,Muguku,mombasa
3904,Nancy,Chocho,nairobi
3905,Dorcas,Otieno,mombasa
3907,Victor,Githui,kisumu
3911,Titus,Murungi,kisumu
3913,Obinna,Lwoyelo,kisumu
3915,Titus,Nyakwea,mombasa
3917,Titus,Miano,kisumu
3920,Michael,Lwoyelo,kisumu
3922,Frank,Muguku,mombasa
3923,Obinna,Kingori,kisumu
3925,Titus,Muguku,nairobi
3928,Anthony,Miano,mombasa
3930,Obinna,Otieno,nairobi
3933,Brian,Kingori,mombasa
3934,Titus,Lwoyelo,nairobi
3935,Mercy,Miano,mombasa
3937,Victor,Miano,kisumu
3943,Obinna,Murungi,mombasa
3944,Angela,Miano,mombasa
3946,Anthony,Murungi,mombasa
3952,Angela,Murungi,mombasa
3953,Obinna,Muguku,nairobi
3954,Angela,Otieno,kisumu
3956,Nancy,Otieno,nairobi
3957,Dorcas,Nyakwea,nairobi
3961,Titus,Muguku,mombasa
3962,Victor,Lwoyelo,mombasa
3963,Obinna,Lwoyelo,mombasa
3964,Victor,Nyakwea,nairobi
3966,Brian,Muguku,kisumu
3967,Mercy,Lwoyelo,mombasa
3969,Mercy,Lwoyelo,kisumu
3970,Angela,Murungi,nairobi
3971,Titus,Miano,mombasa
3973,Frank,Kingori,kisumu
3977,Mercy,Nyakwea,mombasa
3978,Obinna,Chocho,kisumu
3979,Angela,Lwoyelo,nairobi
3982,Angela,Muguku,mombasa
3985,Anthony,Lwoyelo,mombasa
3986,Obinna,Nyakwea,kisumu
3989,Brian,Otieno,kisumu
3990,Obinna,Chocho,mombasa
3992,Frank,Otieno,nairobi
3994,Dorcas,Otieno,kisumu
3999,Angela,Otieno,kisumu
4000,Michael,Miano,mombasa
4001,Frank,Githui,nairobi
4003,Brian,Miano,kisumu
4004,Brian,Muguku,mombasa
4006,Nancy,Muguku,nairobi
4007,Titus,Muguku,kisumu
4008,Angela,Kingori,kisumu
4009,Victor,Chocho,nairobi
4010,Angela,Kingori,kisumu
4017,Titus,Warimu,nairobi
4018,Anthony,Lwoyelo,kisumu
4020,Nancy,Warimu,mombasa
4021,Mercy,Kingori,nairobi
4027,Frank,Lwoyelo,mombasa
4034,Dorcas,Miano,nairobi
4035,Mercy,Otieno,nairobi
4039,Anthony,Miano,kisumu
4040,Frank,Warimu,nairobi
4041,Brian,Muguku,nairobi
4042,Nancy,Githui,nairobi
4045,Nancy,Chocho,kisumu
4046,Obinna,Githui,mombasa
4047,Dorcas,Mbori,mombasa
4051,Brian,Kingori,kisumu
4052,Brian,Githui,nairobi
4054,Dorcas,Lwoyelo,nairobi
4055,Brian,Kingori,mombasa
4056,Dorcas,Githui,mombasa
4057,Obinna,Mbori,kisumu
4059,Angela,Githui,mombasa
4060,Victor,Muguku,mombasa
4064,Mercy,Murungi,mombasa
4065,Michael,Warimu,kisumu
4067,Angela,Mbori,mombasa
4068,Obinna,Chocho,nairobi
4070,Nancy,Murungi,kisumu
4074,Titus,Muguku,nairobi
4075,Obinna,Muguku,mombasa
4077,Victor,Lwoyelo,nairobi
4079,Titus,Warimu,nairobi
4080,Victor,Mbori,mombasa
4083,Mercy,Chocho,nairobi
4084,Brian,Nyakwea,kisumu
4085,Angela,Kingori,mombasa
4086,Dorcas,Warimu,kisumu
4090,Nancy,Mbori,nairobi
4091,Dorcas,Mbori,kisumu
4092,Frank,Mbori,kisumu
4093,Titus,Kingori,nairobi
4095,Obinna,Githui,nairobi
4096,Brian,Lwoyelo,kisumu
4097,Frank,Chocho,mombasa
4099,Anthony,Warimu,mombasa
4100,Dorcas,Kingori,kisumu
4101,Victor,Lwoyelo,kisumu
4104,Nancy,Kingori,kisumu
4106,Nancy,Warimu,nairobi
4108,Mercy,Chocho,nairobi
4109,Angela,Chocho,kisumu
4112,Anthony,Murungi,mombasa
4113,Angela,Miano,kisumu
4116,Dorcas,Lwoyelo,kisumu
4118,Mercy,Muguku,kisumu
4119,Titus,Kingori,kisumu
4122,Michael,Githui,mombasa
4127,Nancy,Murungi,mombasa
4132,Victor,Mbori,mombasa
4133,Angela,Murungi,nairobi
4135,Brian,Chocho,kisumu
4136,Mercy,Miano,nairobi
4139,Dorcas,Miano,mombasa
4140,Brian,Kingori,kisumu
4141,Frank,Kingori,nairobi
4143,Frank,Otieno,kisumu
4144,Victor,Murungi,kisumu
4145,Anthony,Otieno,kisumu
4147,Dorcas,Githui,nairobi
4154,Obinna,Lwoyelo,kisumu
4156,Victor,Kingori,kisumu
4157,Dorcas,Murungi,nairobi
4158,Angela,Kingori,mombasa
4160,Michael,Kingori,mombasa
4162,Dorcas,Murungi,mombasa
4163,Obinna,Murungi,kisumu
4164,Brian,Murungi,mombasa
4165,Frank,Miano,kisumu
4168,Anthony,Githui,nairobi
4169,Michael,Warimu,mombasa
4170,Obinna,Miano,kisumu
4172,Titus,Muguku,kisumu
4173,Victor,Kingori,nairobi
4174,Obinna,Chocho,kisumu
4177,Frank,Miano,kisumu
4181,Titus,Kingori,kisumu
4186,Mercy,Githui,mombasa
4187,Brian,Murungi,mombasa
4190,Mercy,Mbori,kisumu
4193,Nancy,Miano,mombasa
4194,Brian,Nyakwea,kisumu
4196,Obinna,Lwoyelo,nairobi
4199,Nancy,Muguku,nairobi
4203,Frank,Kingori,nairobi
4204,Mercy,Kingori,mombasa
4205,Dorcas,Lwoyelo,mombasa
4206,Victor,Mbori,mombasa
4208,Frank,Kingori,nairobi
4211,Frank,Chocho,kisumu
4212,Titus,Mbori,kisumu
4213,Frank,Kingori,kisumu
4217,Dorcas,Nyakwea,mombasa
4218,Obinna,Otieno,nairobi
4219,Brian,Warimu,mombasa
4220,Anthony,Githui,mombasa
4221,Frank,Miano,mombasa
4223,Angela,Githui,nairobi
4225,Victor,Kingori,mombasa
4226,Frank,Muguku,mombasa
4231,Angela,Otieno,nairobi
4232,Nancy,Nyakwea,mombasa
4234,Dorcas,Muguku,kisumu
4235,Michael,Nyakwea,kisumu
4239,Michael,Chocho,mombasa
4241,Frank,Muguku,kisumu
4242,Anthony,Murungi,nairobi
4243,Nancy,Chocho,mombasa
4244,Titus,Muguku,mombasa
4246,Obinna,Nyakwea,nairobi
4249,Obinna,Otieno,nairobi
4252,Victor,Mbori,nairobi
4253,Angela,Mbori,kisumu
4255,Mercy,Lwoyelo,kisumu
4256,Titus,Mbori,mombasa
4257,Victor,Muguku,kisumu
4259,Frank,Githui,mombasa
4261,Titus,Murungi,mombasa
4263,Frank,Otieno,mombasa
4264,Michael,Lwoyelo,kisumu
4273,Obinna,Miano,kisumu
4275,Angela,Lwoyelo,mombasa
4276,Angela,Miano,nairobi
4279,Michael,Warimu,mombasa
4282,Dorcas,Warimu,nairobi
4283,Brian,Miano,nairobi
4285,Michael,Mbori,kisumu
4289,Dorcas,Lwoyelo,kisumu
4290,Obinna,Otieno,kisumu
4291,Michael,Warimu,nairobi
4294,Titus,Lwoyelo,kisumu
4295,Brian,Chocho,nairobi
4300,Angela,Otieno,mombasa
4301,Obinna,Warimu,mombasa
4306,Nancy,Kingori,nairobi
4307,Michael,Muguku,mombasa
4310,Dorcas,Otieno,nairobi
4315,Mercy,Murungi,mombasa
4316,Brian,Lwoyelo,mombasa
4317,Victor,Miano,nairobi
4318,Frank,Warimu,nairobi
4323,Nancy,Lwoyelo,kisumu
4324,Anthony,Warimu,mombasa
4325,Angela,Lwoyelo,mombasa
4326,Titus,Lwoyelo,nairobi
4331,Victor,Murungi,nairobi
4332,Nancy,Miano,nairobi
4333,Obinna,Mbori,nairobi
4335,Brian,Nyakwea,kisumu
4336,Michael,Otieno,mombasa
4340,Victor,Miano,kisumu
4342,Nancy,Kingori,mombasa
4345,Michael,Miano,mombasa
4347,Anthony,Kingori,kisumu
4349,Mercy,Kingori,nairobi
4356,Angela,Githui,mombasa
4358,Mercy,Lwoyelo,nairobi
4360,Anthony,Kingori,nairobi
4361,Titus,Kingori,mombasa
4362,Obinna,Warimu,kisumu
4363,Mercy,Otieno,mombasa
4364,Titus,Kingori,kisumu
4365,Michael,Warimu,kisumu
4368,Dorcas,Murungi,kisumu
4373,Brian,Lwoyelo,nairobi
4375,Dorcas,Mbori,mombasa
4376,Anthony,Chocho,mombasa
4377,Mercy,Lwoyelo,nairobi
4379,Anthony,Otieno,nairobi
4381,Nancy,Kingori,mombasa
4383,Obinna,Murungi,mombasa
4387,Frank,Muguku,kisumu
4392,Michael,Nyakwea,kisumu
4393,Titus,Lwoyelo,kisumu
4394,Michael,Warimu,mombasa
4395,Titus,Murungi,nairobi
4396,Angela,Kingori,nairobi
4397,Michael,Mbori,nairobi
4399,Brian,Otieno,mombasa
4401,Victor,Otieno,nairobi
4404,Mercy,Chocho,nairobi
4405,Dorcas,Mbori,mombasa
4410,Brian,Nyakwea,mombasa
4411,Nancy,Mbori,kisumu
4415,Victor,Muguku,nairobi
4417,Obinna,Muguku,nairobi
4419,Titus,Otieno,nairobi
4422,Obinna,Kingori,mombasa
4423,Michael,Nyakwea,nairobi
4424,Brian,Miano,mombasa
4427,Mercy,Otieno,mombasa
4429,Mercy,Kingori,mombasa
4432,Victor,Mbori,kisumu
4433,Obinna,Githui,nairobi
4438,Frank,Githui,kisumu
4440,Mercy,Murungi,nairobi
4446,Obinna,Lwoyelo,mombasa
4448,Angela,Nyakwea,nairobi
4450,Angela,Githui,mombasa
4451,Anthony,Chocho,mombasa
4452,Mercy,Kingori,kisumu
4458,Nancy,Otieno,nairobi
4461,Victor,Kingori,nairobi
4463,Brian,Mbori,nairobi
4470,Brian,Murungi,kisumu
4473,Victor,Miano,mombasa
4474,Michael,Murungi,kisumu
4475,Obinna,Miano,nairobi
4476,Obinna,Chocho,kisumu
4477,Dorcas,Murungi,kisumu
4478,Victor,Warimu,mombasa
4481,Anthony,Warimu,nairobi
4482,Nancy,Chocho,kisumu
4483,Victor,Warimu,mombasa
4484,Titus,Otieno,kisumu
4486,Titus,Muguku,nairobi
4487,Obinna,Chocho,nairobi
4490,Michael,Kingori,nairobi
4493,Angela,Chocho,nairobi
4500,Nancy,Warimu,kisumu
4503,Nancy,Warimu,mombasa
4504,Frank,Chocho,mombasa
4506,Mercy,Otieno,mombasa
4507,Angela,Warimu,mombasa
4509,Anthony,Kingori,kisumu
4510,Victor,Kingori,mombasa
4512,Anthony,Otieno,mombasa
4513,Michael,Chocho,kisumu
4514,Titus,Nyakwea,kisumu
4518,Dorcas,Miano,mombasa
4520,Titus,Githui,kisumu
4521,Titus,Lwoyelo,kisumu
4522,Victor,Murungi,nairobi
4523,Victor,Nyakwea,kisumu
4525,Titus,Lwoyelo,nairobi
4526,Frank,Otieno,nairobi
4529,Frank,Nyakwea,kisumu
4530,Michael,Mbori,kisumu
4531,Michael,Mbori,nairobi
4533,Brian,Miano,nairobi
4535,Michael,Lwoyelo,mombasa
4536,Nancy,Nyakwea,mombasa
4540,Brian,Githui,mombasa
4543,Nancy,Lwoyelo,kisumu
4544,Angela,Otieno,mombasa
4546,Michael,Kingori,kisumu
4547,Michael,Otieno,kisumu
4548,Brian,Muguku,kisumu
4551,Obinna,Warimu,nairobi
4552,Frank,Mbori,kisumu
4553,Titus,Muguku,kisumu
4555,Angela,Chocho,nairobi
4556,Frank,Nyakwea,mombasa
4561,Anthony,Muguku,mombasa
4563,Frank,Lwoyelo,kisumu
4569,Obinna,Nyakwea,kisumu
4570,Titus,Murungi,kisumu
4572,Victor,Mbori,kisumu
4573,Brian,Warimu,kisumu
4574,Angela,Mbori,nairobi
4577,Angela,Muguku,mombasa
4578,Mercy,Githui,kisumu
4580,Anthony,Otieno,nairobi
4581,Brian,Githui,mombasa
4582,Mercy,Nyakwea,nairobi
4583,Dorcas,Miano,mombasa
4584,Anthony,Miano,kisumu
4586,Frank,Lwoyelo,nairobi
4587,Nancy,Miano,mombasa
4595,Frank,Warimu,kisumu
4596,Frank,Otieno,mombasa
4597,Anthony,Miano,mombasa
4598,Mercy,Githui,kisumu
4599,Victor,Otieno,nairobi
4600,Obinna,Lwoyelo,mombasa
4602,Michael,Warimu,kisumu
4604,Nancy,Githui,mombasa
4606,Frank,Mbori,nairobi
4611,Michael,Mbori,kisumu
4612,Obinna,Otieno,kisumu
4613,Brian,Mbori,kisumu
4621,Dorcas,Muguku,mombasa
4622,Angela,Mbori,kisumu
4624,Michael,Lwoyelo,kisumu
4627,Obinna,Otieno,nairobi
4629,Angela,Chocho,mombasa
4633,Brian,Nyakwea,nairobi
4635,Obinna,Lwoyelo,kisumu
4636,Mercy,Chocho,kisumu
4637,Michael,Lwoyelo,nairobi
4638,Mercy,Chocho,kisumu
4640,Brian,Warimu,mombasa
4641,Angela,Githui,kisumu
4643,Nancy,Chocho,mombasa
4644,Dorcas,Nyakwea,mombasa
4648,Angela,Warimu,kisumu
4649,Angela,Murungi,kisumu
4650,Victor,Kingori,nairobi
4651,Dorcas,Mbori,nairobi
4652,Obinna,Miano,nairobi
4656,Brian,Murungi,mombasa
4659,Victor,Kingori,mombasa
4663,Dorcas,Nyakwea,kisumu
4664,Mercy,Lwoyelo,mombasa
4668,Victor,Miano,kisumu
4670,Angela,Mbori,nairobi
4671,Angela,Kingori,mombasa
4672,Michael,Githui,kisumu
4673,Victor,Muguku,nairobi
4674,Titus,Lwoyelo,mombasa
4676,Angela,Otieno,nairobi
4685,Anthony,Otieno,kisumu
4691,Frank,Nyakwea,mombasa
4692,Frank,Githui,mombasa
4697,Anthony,Murungi,mombasa
4698,Michael,Otieno,kisumu
4700,Obinna,Miano,mombasa
4704,Obinna,Mbori,mombasa
4705,Anthony,Mbori,nairobi
4709,Mercy,Otieno,kisumu
4710,Titus,Nyakwea,kisumu
4711,Titus,Murungi,mombasa
4712,Frank,Murungi,mombasa
4713,Titus,Chocho,kisumu
4714,Michael,Kingori,mombasa
4715,Mercy,Otieno,kisumu
4716,Titus,Nyakwea,mombasa
4718,Nancy,Miano,nairobi
4719,Dorcas,Murungi,nairobi
4720,Michael,Mbori,nairobi
4721,Anthony,Warimu,kisumu
4722,Angela,Chocho,kisumu
4724,Nancy,Kingori,nairobi
4728,Victor,Nyakwea,kisumu
4729,Frank,Mbori,nairobi
4731,Frank,Muguku,nairobi
4737,Nancy,Otieno,mombasa
4743,Frank,Lwoyelo,kisumu
4744,Michael,Muguku,nairobi
4745,Mercy,Muguku,nairobi
4746,Brian,Murungi,nairobi
4747,Angela,Nyakwea,nairobi
4749,Obinna,Nyakwea,nairobi
4751,Obinna,Chocho,nairobi
4753,Frank,Chocho,mombasa
4754,Dorcas,Otieno,mombasa
4755,Michael,Muguku,kisumu
4756,Dorcas,Lwoyelo,mombasa
4758,Michael,Warimu,mombasa
4759,Frank,Miano,mombasa
4760,Anthony,Muguku,mombasa
4761,Frank,Chocho,nairobi
4764,Frank,Chocho,nairobi
4767,Brian,Muguku,nairobi
4769,Obinna,Kingori,kisumu
4770,Nancy,Miano,kisumu
4771,Nancy,Nyakwea,nairobi
4772,Frank,Murungi,nairobi
4775,Frank,Warimu,nairobi
4776,Michael,Muguku,mombasa
4780,Victor,Otieno,nairobi
4783,Victor,Otieno,kisumu
4791,Victor,Murungi,nairobi
4792,Nancy,Otieno,kisumu
4793,Nancy,Murungi,mombasa
4794,Dorcas,Mbori,nairobi
4801,Angela,Kingori,kisumu
4803,Titus,Mbori,nairobi
4806,Frank,Muguku,mombasa
4809,Mercy,Otieno,kisumu
4812,Victor,Lwoyelo,mombasa
4813,Anthony,Lwoyelo,mombasa
4814,Mercy,Kingori,kisumu
4815,Obinna,Muguku,kisumu
4817,Frank,Nyakwea,nairobi
4820,Mercy,Githui,kisumu
4823,Angela,Nyakwea,kisumu
4825,Victor,Chocho,kisumu
4826,Anthony,Miano,nairobi
4829,Obinna,Githui,mombasa
4831,Titus,Githui,kisumu
4832,Angela,Nyakwea,mombasa
4836,Victor,Githui,mombasa
4837,Obinna,Muguku,nairobi
4838,Frank,Lwoyelo,nairobi
4840,Frank,Nyakwea,nairobi
4841,Dorcas,Kingori,nairobi
4842,Anthony,Githui,mombasa
4843,Nancy,Chocho,mombasa
4845,Victor,Nyakwea,mombasa
4846,Anthony,Kingori,mombasa
4850,Anthony,Kingori,nairobi
4851,Obinna,Mbori,nairobi
4854,Dorcas,Muguku,kisumu
4855,Nancy,Muguku,mombasa
4857,Anthony,Murungi,nairobi
4858,Anthony,Lwoyelo,kisumu
4863,Victor,Miano,nairobi
4864,Mercy,Githui,kisumu
4865,Nancy,Lwoyelo,mombasa
4870,Victor,Nyakwea,nairobi
4872,Michael,Warimu,nairobi
4873,Dorcas,Otieno,nairobi
4874,Titus,Murungi,kisumu
4875,Dorcas,Muguku,nairobi
4878,Mercy,Githui,nairobi
4881,Angela,Lwoyelo,kisumu
4886,Dorcas,Muguku,nairobi
4889,Frank,Miano,mombasa
4893,Dorcas,Muguku,mombasa
4895,Mercy,Lwoyelo,kisumu
4896,Victor,Githui,nairobi
4897,Frank,Nyakwea,kisumu
4898,Dorcas,Otieno,kisumu
4899,Victor,Githui,mombasa
4900,Michael,Lwoyelo,nairobi
4902,Anthony,Githui,mombasa
4904,Titus,Muguku,mombasa
4906,Titus,Muguku,kisumu
4911,Nancy,Kingori,kisumu
4912,Nancy,Warimu,kisumu
4917,Michael,Miano,nairobi
4918,Titus,Otieno,nairobi
4919,Michael,Murungi,mombasa
4920,Michael,Muguku,kisumu
4921,Frank,Mbori,mombasa
4922,Mercy,Otieno,mombasa
4923,Obinna,Mbori,mombasa
4927,Angela,Murungi,mombasa
4931,Frank,Chocho,mombasa
4933,Mercy,Kingori,kisumu
4936,Titus,Chocho,nairobi
4937,Victor,Githui,nairobi
4938,Titus,Chocho,mombasa
4939,Nancy,Lwoyelo,mombasa
4940,Angela,Lwoyelo,kisumu
4951,Brian,Kingori,mombasa
4952,Michael,Murungi,kisumu
4953,Mercy,Warimu,kisumu
4954,Michael,Githui,nairobi
4958,Titus,Kingori,nairobi
4963,Michael,Nyakwea,nairobi
4965,Titus,Nyakwea,mombasa
4969,Obinna,Miano,kisumu
4970,Obinna,Lwoyelo,mombasa
4973,Anthony,Kingori,mombasa
4974,Angela,Lwoyelo,mombasa
4977,Titus,Miano,nairobi
4978,Titus,Murungi,kisumu
4979,Titus,Muguku,nairobi
4980,Obinna,Miano,kisumu
4981,Victor,Githui,nairobi
4984,Frank,Kingori,kisumu
4987,Angela,Warimu,nairobi
4990,Angela,Lwoyelo,mombasa
4991,Angela,Mbori,nairobi
4993,Angela,Murungi,mombasa
4994,Angela,Nyakwea,kisumu
4995,Mercy,Mbori,mombasa
4996,Obinna,Mbori,mombasa
4997,Angela,Nyakwea,kisumu
4998,Frank,Nyakwea,kisumu
